Categoría,Código,Producto,Valor Mínimo (USD),Disponibilidad
CATERPILLAR,23627,"CATERPILLAR S62 PRO","410.00","Disponible"
UR,24334,"CELULAR CON TECLA UM05 UR 2CHIP","1.00","Disponible"
UR,24327,"CELULAR CON TECLA UM06 UN CHIP","11.00","Disponible"
INFINIX,24938,"INFINIX GT 30PRO 256/12 CON CARG COOL","320.00","Disponible"
INFINIX,9171,"INFINIX HOT50 PRO 256/8 AZUL","135.00","Disponible"
INFINIX,9034,"INFINIX HOT50 PRO 256/8 GRIS","135.00","Disponible"
INFINIX,9188,"INFINIX HOT50 PRO 256/8 NEGRO","135.00","Disponible"
INFINIX,10665,"INFINIX HOT50 PRO+256/8 NEGRO","156.00","Disponible"
INFINIX,23986,"INFINIX HOT601 256/4 NEGRO","102.00","Disponible"
INFINIX,23993,"INFINIX HOT601 256/4 SILVER","102.00","Disponible"
INFINIX,24013,"INFINIX HOT601 256/8 NEGRO","112.00","Disponible"
INFINIX,24006,"INFINIX HOT601 256/8 SILVER","112.00","Disponible"
INFINIX,24945,"INFINIX HOT60 PRO 256/8 NEGRO","155","Disponible"
INFINIX,24952,"INFINIX HOT60 PRO 256/8 SILVER","155","Disponible"
INFINIX,24969,"INFINIX HOT60 PRO 256/8 ROSA","155","Disponible"
INFINIX,22453,"INFINIX NOTE50 PRO 256/8 GRIS","235.00","Disponible"
INFINIX,22460,"INFINIX SMART10 128/4 BLANCO","77.00","Disponible"
INFINIX,22477,"INFINIX SMART10 128/4 DORADO","77,00","Disponible"
INFINIX,11525,"INFINIX SMART9 128/4 DORADO","68.00","Disponible"
INFINIX,11516,"INFINIX SMART9 128/4 NEGRO","68:00","Disponible"
INFINIX,11501,"INFINIX SMART9 128/4 NEO TITANIUM","68.00","Disponible"
INFINIX,11488,"INFINIX SMART9 HD 64/3 NEGRO","65.00","Disponible"
INFINIX,11495,"INFINIX SMART9 HD 64/3 NEO TITANIUM","65.00","Disponible"
IPHONE SWAP,4893,"IPHONE 11 128GB AMERICANO","215","Disponible"
IPHONE SWAP,4893,"IPHONE 11 128GB CHINO","205","Disponible"
IPHONE SWAP,4886,"IPHONE 11 64GB AMERICANO","180","Disponible"
IPHONE SWAP,4886,"IPHONE 11 64GB CHINO","180","Disponible"
IPHONE SWAP,5029,"IPHONE IIPRO 256GB CHINO","EN FALTA","En Falta"
IPHONE SWAP,5005,"IPHONE 11PRO 64GB","230","Disponible"
IPHONE SWAP,10733,"IPHONE 11PROMAX 256GB CHINO","EN FALTA","En Falta"
IPHONE SWAP,,IPHONE 11PROMAX 64GB CHINO,"245","Disponible"
IPHONE SWAP,11853,"IPHONE 12 128GB AMERICANO","235","Disponible"
IPHONE SWAP,11853,"IPHONE 12 128GB CHINO","230","Disponible"
IPHONE SWAP,11358,"IPHONE 12 64GB AMERICANO","215","Disponible"
IPHONE SWAP,5289,"IPHONE 12PRO 128GB","295","Disponible"
IPHONE SWAP,10825,"IPHONE 12PROMAX 128GB","355","Disponible"
IPHONE SWAP,5234,"IPHONE 13 128GB AMERICANO GRADO A+","325","Disponible"
IPHONE SWAP,,IPHONE 13 128GB AMERICANO GRADO A-,"290","Disponible"
IPHONE SWAP,5234,"IPHONE 13 128GB CHINO","315","Disponible"
IPHONE SWAP,5333,"IPHONE 13PRO 128GB AMERICANO","415","Disponible"
IPHONE SWAP,5333,"IPHONE 13PRO 128GB CHINO","405","Disponible"
IPHONE SWAP,17763,"IPHONE 13PRO 256GB AMERICANO","445","Disponible"
IPHONE SWAP,5371,"IPHONE 13PROMAX 128GB AMERICANO","465","Disponible"
IPHONE SWAP,5371,"IPHONE 13PROMAX 128GB CHINO","450","Disponible"
IPHONE SWAP,8945,"IPHONE 14 128GB AME Y CHINO","375","Disponible"
IPHONE SWAP,,IPHONE 14 PRO 128GB AMERICANO,"525","Disponible"
IPHONE SWAP,18630,"IPHONE 14 PRO 256GB","565","Disponible"
IPHONE SWAP,5418,"IPHONE 14 PROMAX 128GB","585","Disponible"
IPHONE SWAP,5630,"IPHONE 14 PROMAX 256GB","620","Disponible"
IPHONE SWAP,18326,"IPHONE 15 128GB AMERICANO","505","Disponible"
IPHONE SWAP,18326,"IPHONE 15 128GB SIN ACTIVAR","530","Disponible"
IPHONE SWAP,12652,"IPHONE 15PRO 128GB","660","Disponible"
IPHONE SWAP,,IPHONE 15PROMAX 1TB,"850","Disponible"
IPHONE SWAP,,IPHONE 15PROMAX 256GB,"780","Disponible"
IPHONE SWAP,,IPHONE 16 128GB","665","Disponible"
IPHONE SWAP,12706,"IPHONE 16 PRO 128GB SIN ACTIVAR","825","Disponible"
IPHONE SWAP,12706,"IPHONE 16 PRO 256GB SIN ACTIVAR","925","Disponible"
IPHONE SWAP,12706,"IPHONE 16 PROMAX 256 GB SIN ACTIVAR","EN FALTA","En Falta"
IPHONE SWAP,7276,"IPHONE 8 PLUS 256GB","EN FALTA","En Falta"
IPHONE SWAP,4824,"IPHONE 8 PLUS 64GB","EN FALTA","En Falta"
IPHONE SWAP,,IPHONE SE 128GB","130","Disponible"
IPHONE SWAP,,IPHONE SE 64GB","110","Disponible"
IPHONE SWAP,19798,"IPHONE XR 128GB","EN FALTA","En Falta"
IPHONE SWAP,19828,"IPHONE XR 256GB","175","Disponible"
IPHONE GARANTIA APPLE,12256,"IPHONE 12 64GB NEGRO LACRAD GARAN APPLE","410.00","Disponible"
IPHONE GARANTIA APPLE,5531,"IPHONE 13 128GB AZUL LACRADO GAR APPLE","465.00","Disponible"
IPHONE GARANTIA APPLE,5548,"IPHONE 13 128GB BLANCO LACRADO GAR APPLE","465.00","Disponible"
IPHONE GARANTIA APPLE,23948,"IPHONE 13 128GB NEGRO LACRADO CPO","435.00","Disponible"
IPHONE GARANTIA APPLE,5555,"IPHONE 13 128GB NEGRO LACRADO GAR APPLE","465.00","Disponible"
IPHONE GARANTIA APPLE,5739,"IPHONE 13 128GB ROSA LACRADO GAR APPLE","475.00","Disponible"
IPHONE GARANTIA APPLE,5746,"IPHONE 13 128GB VERDE LACRADO GAR APPLE","465.00","Disponible"
IPHONE GARANTIA APPLE,23801,"IPHONE 13 256GB NEGRO LACRADO GAR APPLE","680.00","Disponible"
IPHONE GARANTIA APPLE,18425,"IPHONE 13PROMAX 256GB VERDE LACRADO CPO","780,00","Disponible"
IPHONE GARANTIA APPLE,11174,"IPHONE 14 128GB BLANCO GARANTIA APPLE","535.00","Disponible"
IPHONE GARANTIA APPLE,24730,"IPHONE 14 PRO 128GB NEGRO LACRADO CPO","660","Disponible"
IPHONE GARANTIA APPLE,24754,"IPHONE 14 PRO 256GB NEGRO LACRADO CPO","720","Disponible"
IPHONE GARANTIA APPLE,23771,"IPHONE 14 PROMAX 128GB CPO GOLD","760","Disponible"
IPHONE GARANTIA APPLE,23764,"IPHONE 14 PROMAX 128GB CPO NEGRO","760","Disponible"
IPHONE GARANTIA APPLE,23757,"IPHONE 14 PROMAX 128GB CPO SILVER","760","Disponible"
IPHONE GARANTIA APPLE,5401,"IPHONE 14 PROMAX 128GB DORADO","760","Disponible"
IPHONE GARANTIA APPLE,5821,"IPHONE 15 128GB AZUL LACRADO GAR APPLE","670.00","Disponible"
IPHONE GARANTIA APPLE,18135,"IPHONE 15 128GB ROSA LACRADO","670","Disponible"
IPHONE GARANTIA APPLE,5838,"IPHONE 15 128GB VERDE LACRADO GAR APPLE","670.00","Disponible"
IPHONE GARANTIA APPLE,23818,"IPHONE 15 256GB AZUL LACRADO GAR APPLE","790.00","Disponible"
IPHONE GARANTIA APPLE,4558,"IPHONE 15PLUS 128 AZUL LACRADO","715.00","Disponible"
IPHONE GARANTIA APPLE,22064,"IPHONE 15PROMAX 512GB AZUL LACRADO CPO","1030","Disponible"
IPHONE GARANTIA APPLE,22057,"IPHONE 15PROMAX 512GB NEGRO LACRADO CPO","1030","Disponible"
IPHONE GARANTIA APPLE,10719,"IPHONE 16 128GB AZUL LACRADO","755.00","Disponible"
IPHONE GARANTIA APPLE,4268,"IPHONE 16 128GB NEGRO LACRADO","755","Disponible"
IPHONE GARANTIA APPLE,1020,"IPHONE 16 128GB ROSA LACRADO","755.00","Disponible"
IPHONE GARANTIA APPLE,23825,"IPHONE 16 256GB NEGRO LACRADO","870,00","Disponible"
IPHONE GARANTIA APPLE,5869,"IPHONE 16 PRO 128GB DESERT LACRADO","935.00","Disponible"
IPHONE GARANTIA APPLE,4305,"IPHONE 16 PRO 128GB NEGRO LACRADO","935.00","Disponible"
IPHONE GARANTIA APPLE,17787,"IPHONE 16E 128GB NEGRO LACRADO","580.00","Disponible"
IPHONE GARANTIA APPLE,20176,"IPHONE 16E 256GB BLANCO LACRADO","720.00","Disponible"
IPHONE GARANTIA APPLE,12270,"IPHONE 16PROMAX 1TB DESERT LACRADO","1550","Disponible"
IPHONE GARANTIA APPLE,4343,"IPHONE 16PROMAX 256GB BLANCO LACRADO","1.160.00","Disponible"
IPHONE GARANTIA APPLE,5876,"IPHONE 16PROMAX 256GB DESERT LACRADO","1.160.00","Disponible"
IPHONE GARANTIA APPLE,5883,"IPHONE 16PROMAX 256GB NATURAL LACRADO","1,160,00","Disponible"
IPHONE GARANTIA APPLE,20961,"IPHONE 16PROMAX 256GB SELLADO","1.100.00","Disponible"
IPHONE GARANTIA APPLE,10573,"IPHONE 16PROMAX 512 BLANCO LACRADO","1.325.00","Disponible"
ITEL,628,"ITEL A50 128/3 NEGRO","70.00","Disponible"
ITEL,23399,"ITEL A90 128/4 GRIS","68.00","Disponible"
ITEL,23382,"ITEL A90 128/4 NEGRO","68.00","Disponible"
ITEL,23719,"ITEL A90 128/4 VERDE","68.00","Disponible"
ITEL,24686,"ITEL CITY 100 4-128GB AZ","80.00","Disponible"
ITEL,24693,"ITEL CITY 100 4-128GB CI","80:00","Disponible"
ITEL,24709,"ITEL CITY 100 4-128GB RX","80.00","Disponible"
ITEL,24716,"ITEL CITY 100 4-256GB CI","90.00","Disponible"
ITEL,24723,"ITEL CITY 100 4-256GB RX","90.00","Disponible"
ITEL,14434,"ITEL P55+ 128/4 NEGRO","82.00","Disponible"
ITEL,14441,"ITEL P55+ 128/4 VERDE","82.00","Disponible"
MOTOROLA,19293,"MOTO E15 64/2 MORADO","67.00","Disponible"
MOTOROLA,10351,"MOTO EDGE 40 NEO 12/256 CELESTE","210.00","Disponible"
MOTOROLA,23696,"MOTO EDGE 50 256/12 GRIS","285,00","Disponible"
MOTOROLA,16865,"MOTO EDGE 50 FUSION 256/8 ROSA","209.00","Disponible"
MOTOROLA,18258,"MOTO EDGE 50 FUSION 256/8 VERDE","209.00","Disponible"
MOTOROLA,7412,"MOTO EDGE 50 FUSION 512/12 AZUL","245.00","Disponible"
MOTOROLA,13031,"MOTO EDGE 50 FUSION 512/12 ROSA","245.00","Disponible"
MOTOROLA,16445,"MOTO EDGE 50 NEO 12/512 AZUL","271:00","Disponible"
MOTOROLA,16971,"MOTO EDGE 50 NEO 12/512 ROJO","271.00","Disponible"
MOTOROLA,22248,"MOTO EDGE 50 NEO 8/256 AZUL","238.00","Disponible"
MOTOROLA,16841,"MOTO EDGE 50 PRO 5G 512/12 LAVANDA","375.00","Disponible"
MOTOROLA,24853,"MOTO EDGE 50 ULTRA 16-1TB GRAY","620.00","Disponible"
MOTOROLA,23832,"MOTO EDGE 60 PRO 512/12 GRIS","490.00","Disponible"
MOTOROLA,2165,"MOTO G04S 256/4 AZUL","83.00","Disponible"
MOTOROLA,23474,"MOTO G05 128/4 VERDE C/CARGADOR","85.00","Disponible"
MOTOROLA,21944,"MOTO G05 256/4 ROJO","100.00","Disponible"
MOTOROLA,21937,"MOTO G05 256/4 VERDE","100.00","Disponible"
MOTOROLA,23849,"MOTO G15 128/4 AZUL","97.00","Disponible"
MOTOROLA,15752,"MOTO G15 256/4 GRIS","107.00","Disponible"
MOTOROLA,22989,"MOTO G15 POWER 256/8 GRIS","130:00","Disponible"
MOTOROLA,22996,"MOTO G15 POWER 256/8 VERDE","130.00","Disponible"
MOTOROLA,10892,"MOTO G24 256/4 VERDE","110.00","Disponible"
MOTOROLA,18944,"MOTO G35 128/4 NEGRO 5G","100.00","Disponible"
MOTOROLA,19941,"MOTO G35 128/4 VERDE 5G","100:00","Disponible"
MOTOROLA,7443,"MOTO G35 256/8 NEGRO","128.00","Disponible"
MOTOROLA,7450,"MOTO G35 256/8 VERDE","128.00","Disponible"
MOTOROLA,18883,"MOTO G54 POWER 256/8 AZUL","148.00","Disponible"
MOTOROLA,22224,"MOTO G54 POWER 256/8 VERDE","148.00","Disponible"
MOTOROLA,22484,"MOTO G55 256/8 GRIS","147.00","Disponible"
MOTOROLA,16810,"MOTO G55 256/8 VERDE","147.00","Disponible"
MOTOROLA,14694,"MOTO G75 256/8 GRIS","185.00","Disponible"
MOTOROLA,2554,"MOTO G84 256/8 AZUL","160.00","Disponible"
MOTOROLA,14069,"MOTO G85 256/8 AZUL CON CARGADOR","195.00","Disponible"
MULTILASER,23634,"MULTILASER E2 3G","40.00","Disponible"
MULTILASER,23658,"MULTILASER M23 LITE 128GB","58.00","Disponible"
MULTILASER,23641,"MULTILASER M23PRO 256GB","76.00","Disponible"
OPPO,16012,"OPPO A38 128/4 DORADO","100:00","Disponible"
OPPO,23740,"OPPO A58 256/8 VERDE","126.00","Disponible"
XIAOMI,24037,"XIAOMI 15 512/12GB VERDE","750.00","Disponible"
XIAOMI,24761,"XIAOMI MIX FLIP 12-512 NEGRO","710.00","Disponible"
XIAOMI,20183,"XIAOMI 14T PRO 5G 512/12 GRIS","550","Disponible"
POCO,22897,"POCO C61 128/4 BLANCO","69","Disponible"
POCO,23023,"POCO C61 128/4 NEGRO","69","Disponible"
POCO,23016,"POCO C61 128/4 VERDE","69","Disponible"
POCO,20091,"POCO C71 128/4 AZUL","74","Disponible"
POCO,23030,"POCO C71 128/4 DORADO","74","Disponible"
POCO,20084,"POCO C71 128/4 NEGRO","74","Disponible"
POCO,20145,"POCO C71 64/3 AZUL","63.00","Disponible"
POCO,22002,"POCO C71 64/3 DORADO","63.00","Disponible"
POCO,19644,"POCO C71 64/3 NEGRO","63.00","Disponible"
POCO,1540,"POCO C75 128/6 NEGRO","87.00","Disponible"
POCO,1533,"POCO C75 128/6 VERDE","87.00","Disponible"
POCO,1489,"POCO C75 256/8 NEGRO","109","Disponible"
POCO,24839,"POCO C85 128/6 NEGRO","116","Disponible"
POCO,22019,"POCO F7 PRO 5G 512/12 NEGRO","475.00","Disponible"
POCO,20114,"POCO F7 ULTRA 512/16 NEGRO","625.00","Disponible"
POCO,23528,"POCO M7 PRO 256/12 SILVER","184","Disponible"
POCO,19910,"POCO M7 PRO 256/8 VERDE","167","Disponible"
POCO,23429,"POCO M7 PRO 512/12 NEGRO","202","Disponible"
POCO,24105,"POCO M7 PRO 512/12 SILVER","202","Disponible"
POCO,19668,"POCO X7 5G 256/8 BLANCO","212.00","Disponible"
POCO,19705,"POCO X7 5G 512/12 NEGRO","242","Disponible"
POCO,17893,"POCO X7 PRO 5G 256/8 NEGRO","263","Disponible"
POCO,23559,"POCO X7 PRO 5G 256/8 VERDE","263","Disponible"
POCO,14212,"POCO X7 PRO 5G 512/12 NEGRO","312.00","Disponible"
POCO,14328,"POCO X7 PRO 5G 512/12 VERDE","312.00","Disponible"
REALME,23047,"REALME C61 128/6 DORADO","99.00","Disponible"
REALME,23054,"REALME C61.128/6 VERDE","99.00","Disponible"
REALME,1465,"REALME C67 128/8 NEGRO","113.00","Disponible"
REALME,13413,"REALME NOTE 60 128/4 AZUL","82.00","Disponible"
REALME,18920,"REALME NOTE 60 256/4 AZUL","96","Disponible"
REALME,18289,"REALME NOTE 60 256/4 NEGRO","96,00","Disponible"
REDMI,13574,"REDMI 13 128/6 NEGRO","93.00","Disponible"
REDMI,24426,"REDMI 13 128/6 PINK","94.00","Disponible"
REDMI,18074,"REDMI 13 256/8 AZUL","108","Disponible"
REDMI,17909,"REDMI 13C 128/4 SWAP","84,00","Disponible"
REDMI,19880,"REDMI 13X 256/8 NEGRO","107.00","Disponible"
REDMI,963,"REDMI 14C 128/4 AZUL","93.00","Disponible"
REDMI,18500,"REDMI 14C 128/4 LILA","93.00","Disponible"
REDMI,970,"REDMI 14C 128/4 NEGRO","93.00","Disponible"
REDMI,987,"REDMI 14C 128/4 VERDE","93.00","Disponible"
REDMI,1076,"REDMI 14C 256/8 AZUL","109.00","Disponible"
REDMI,1052,"REDMI 14C 256/8 NEGRO","109.00","Disponible"
REDMI,24792,"REDMI 15C 256/4 AZUL","128.00","Disponible"
REDMI,19071,"REDMI A5 128/4 AZUL","76","Disponible"
REDMI,18562,"REDMI A5 128/4 NEGRO","76","Disponible"
REDMI,19743,"REDMI A5 64/3 AZUL","65.00","Disponible"
REDMI,19095,"REDMI A5 64/3 NEGRO","65.00","Disponible"
REDMI NOTE,48,"REDMI NOTE 13PRO+5G 512/12 BLANCO","310.00","Disponible"
REDMI NOTE,17,"REDMI NOTE 13PRO+ 5G 512/12 NEGRO","310.00","Disponible"
REDMI NOTE,17732,"REDMI NOTE 14 4G 128/6 AZUL","128.00","Disponible"
REDMI NOTE,15639,"REDMI NOTE 14 4G 128/6 NEGRO","128.00","Disponible"
REDMI NOTE,17749,"REDMI NOTE 14 4G 128/6 VERDE","128.00","Disponible"
REDMI NOTE,14595,"REDMI NOTE 14 4G 256/8 AZUL","149.00","Disponible"
REDMI NOTE,14588,"REDMI NOTE 14 4G 256/8 NEGRO","149.00","Disponible"
REDMI NOTE,16155,"REDMI NOTE 14 4G 256/8 VERDE","149.00","Disponible"
REDMI NOTE,20374,"REDMI NOTE 14 5G 256/8 VERDE","195.00","Disponible"
REDMI NOTE,20473,"REDMI NOTE 14 5G 512/12 VERDE","239.00","Disponible"
REDMI NOTE,15363,"REDMI NOTE 14PRO 4G 256/8 AZUL","197","Disponible"
REDMI NOTE,24563,"REDMI NOTE 14PRO 4G 256/8 DORADO","197","Disponible"
REDMI NOTE,16797,"REDMI NOTE 14PRO 4G 256/8 LILA","197","Disponible"
REDMI NOTE,16292,"REDMI NOTE 14PRO 4G 256/8 NEGRO","197","Disponible"
REDMI NOTE,18715,"REDMI NOTE 14PRO 4G 512/12 NEGRO","245.00","Disponible"
REDMI NOTE,15356,"REDMI NOTE 14PRO 5G 256/8 NEGRO","241.00","Disponible"
REDMI NOTE,20381,"REDMI NOTE 14PRO 5G 512/12 NEGRO","285.00","Disponible"
REDMI NOTE,14205,"REDMI NOTE 14PRO+5G 256/8 NEGRO","287","Disponible"
REDMI NOTE,18111,"REDMI NOTE 14S 256/8 NEGRO","178","Disponible"
SAMSUNG,18036,"SAMSUNG A16 128/4 BLANCO","120.00","Disponible"
SAMSUNG,17077,"SAMSUNG A16 128/4 NEGRO","120.00","Disponible"
SAMSUNG,18029,"SAMSUNG A16 128/4 VERDE","120.00","Disponible"
SAMSUNG,18807,"SAMSUNG A16 128/6 VERDE","138.00","Disponible"
SAMSUNG,14267,"SAMSUNG A16 256/8 4G BLANCO","157.00","Disponible"
SAMSUNG,14243,"SAMSUNG A16 256/8 4G NEGRO","157.00","Disponible"
SAMSUNG,23160,"SAMSUNG A16 256/8 4G VERDE","157.00","Disponible"
SAMSUNG,23443,"SAMSUNG A16 256/8 5G GOLD","175,00","Disponible"
SAMSUNG,24594,"SAMSUNG A16 256/8 5G LIGHT GRAY","175.00","Disponible"
SAMSUNG,25436,"SAMSUNG A16 256/8 5G NEGRO","175.00","Disponible"
SAMSUNG,14250,"SAMSUNG A16 256/8 5G VERDE","175.00","Disponible"
SAMSUNG,24396,"SAMSUNG A26 5G 128/6 BLANCO","192.00","Disponible"
SAMSUNG,20213,"SAMSUNG A26 5G 128/6 NEGRO","192.00","Disponible"
SAMSUNG,22934,"SAMSUNG A26 5G 128/6 VERDE","192.00","Disponible"
SAMSUNG,20206,"SAMSUNG A26 5G 256/8 VERDE","209.00","Disponible"
SAMSUNG,23733,"SAMSUNG A36 128/6 BLANCO","253.00","Disponible"
SAMSUNG,19590,"SAMSUNG A36 128/6 LILA","253.00","Disponible"
SAMSUNG,19576,"SAMSUNG A36 128/6 NEGRO","253.00","Disponible"
SAMSUNG,19583,"SAMSUNG A36 128/6 VERDE","253.00","Disponible"
SAMSUNG,18654,"SAMSUNG A36 5G 256/8 BLANCO","267.00","Disponible"
SAMSUNG,18647,"SAMSUNG A36 5G 256/8 LILA","267.00","Disponible"
SAMSUNG,18678,"SAMSUNG A36 5G 256/8 NEGRO","267.00","Disponible"
SAMSUNG,18661,"SAMSUNG A36 5G 256/8 VERDE","267.00","Disponible"
SAMSUNG,23894,"SAMSUNG A55 256/8 5G NEGRO","315.00","Disponible"
SAMSUNG,18524,"SAMSUNG A56 128/8 NEGRO","325.00","Disponible"
SAMSUNG,21951,"SAMSUNG A56 128/8 ROSA","325:00","Disponible"
SAMSUNG,14298,"SAMSUNG S20 128GB NEGRO","165.00","Disponible"
SAMSUNG,10474,"SAMSUNG S24 ULTRA 256/12 GRIS","775.00","Disponible"
SAMSUNG,12065,"SAMSUNG S24 ULTRA 256/12 NEGRO","775.00","Disponible"
SAMSUNG,19163,"SAMSUNG S24+512/12 GRIS","700.00","Disponible"
SAMSUNG,4039,"SAMSUNG S24FE 256/8 AZUL","450.00","Disponible"
SAMSUNG,18142,"SAMSUNG S24FE 256/8 GRIS","450.00","Disponible"
SAMSUNG,18173,"SAMSUNG S25 128GB AZUL","605.00","Disponible"
SAMSUNG,16421,"SAMSUNG S25 256/12 AZUL","665.00","Disponible"
SAMSUNG,17022,"SAMSUNG S25 256/12 BLANCO","665.00","Disponible"
SAMSUNG,19132,"SAMSUNG S25 256/12 NAVY","665.00","Disponible"
SAMSUNG,17039,"SAMSUNG S25 256/12 VERDE","665.00","Disponible"
SAMSUNG,24495,"SAMSUNG S25 EDGE 512/12 NEGRO","775.00","Disponible"
SAMSUNG,23542,"SAMSUNG S25 ULTRA 1TB/12 BLANCO","1,130:00","Disponible"
SAMSUNG,16728,"SAMSUNG S25 ULTRA 256/12 BLANCO","935.00","Disponible"
SAMSUNG,22644,"SAMSUNG S25 ULTRA 512/12 AZUL","1,030.00","Disponible"
SAMSUNG,18227,"SAMSUNG S25 ULTRA 512/12 BLANCO","1,035.00","Disponible"
SAMSUNG,19613,"SAMSUNG S25 ULTRA 512/12 GRIS","1,030.00","Disponible"
SAMSUNG,17237,"SAMSUNG S25 ULTRA 512/12 NEGRO","1.030.00","Disponible"
SAMSUNG,20503,"SAMSUNG S25+256/12 AZUL","780.00","Disponible"
SAMSUNG,23900,"SAMSUNG S25+ 512/12 AZUL","850.00","Disponible"
SAMSUNG,23917,"SAMSUNG S25+ 512/12 PLATA","850.00","Disponible"
SAMSUNG,23979,"SAMSUNG Z FLIP 7 12-512 JETBLACK","980.00","Disponible"
TECNO SPARK,3315,"TECNO SPARK 20 256/8 NEGRO","93.00","Disponible"
TECNO SPARK,23702,"TECNO SPARK 30C 128/4 NEGRO","85.00","Disponible"
TECNO SPARK,14397,"TECNO SPARK 30PRO 256/8 NEGRO","134.00","Disponible"
TECNO SPARK,11273,"TECNO SPARK GO 1 128/4 BLANCO","75.00","Disponible"
TECNO SPARK,11297,"TECNO SPARK GO 1 128/4 NEGRO","75.00","Disponible"
TECNO SPARK,13406,"TECNO SPARK GO 1 64/3 NEGRO","67.00","Disponible"
UMIDIGI NOTE,20039,"UMIDIGI NOTE 90 128/8 BLANCO","73.00","Disponible"
UMIDIGI NOTE,2677,"UMIDIGI NOTE 90 128/8 NEGRO","73.00","Disponible"
UMIDIGI NOTE,2660,"UMIDIGI NOTE 90 128/8 VERDE","73.00","Disponible"
UMIDIGI NOTE,2646,"UMIDIGI NOTE 90 256/8 NEGRO","80.00","Disponible"
UMIDIGI NOTE,2653,"UMIDIGI NOTE 90 256/8 VERDE","80.00","Disponible"
UMIDIGI NOTE,14120,"UMIDIGI NOTE 90C 128/4 NEGRO","85.00","Disponible"
UMIDIGI NOTE,14137,"UMIDIGI NOTE 90C 128/4 VERDE","$5,00","Disponible"
